id	prenom	nom
1	Woody	Allen
2	Clint	Eastwood
3	Robert	De Niro
6	Harrison	Ford
8	Tom	Hanks
12	Al	Pacino
13	Bruce	Willis
16	Gene	Hackman
24	Danny	DeVito
25	Tim	Robbins
27	Dustin	Hoffman
28	Francis	Ford Coppola
32	John	Cusack
34	John	Travolta
36	Robert	Redford
39	Anthony	Hopkins
41	Denzel	Washington
42	Paul	Newman
43	Jack	Nicholson
44	Robert	Duvall
50	Matthew	Broderick
54	Sigourney	Weaver
59	Terry	Gilliam
63	Meryl	Streep
73	Harvey	Keitel
75	Cary	Grant
76	Kevin	Spacey
85	Marlon	Brando
89	Samuel	L.Jackson
90	Roman	Polanski
91	Morgan	Freeman
94	Diane	Keaton
99	Christopher	Walken
100	Liam	Neeson
106	Jack	Lemmon
115	Peter	Sellers
118	James	Stewart
123	Frank	Oz
125	Dennis	Hopper
127	Jack	Warden
130	Bill	Paxton
145	Charles	Chaplin
152	Joan	Cusack
158	Billy	Crystal
160	Max	von Sydow
164	Gregory	Peck
165	Charlton	Heston
167	Donald	Pleasence
170	John	Wayne
177	Ralph	Fiennes
181	Matt	Damon
182	Faye	Dunaway
183	William	Holden
186	Steve	Buscemi
195	John	Cleese
211	Gwyneth	Paltrow
213	Humphrey	Bogart
215	Jodie	Foster
217	J.T.	Walsh
222	Cary	Elwes
225	Anne	Bancroft
226	William	H. Macy
235	Richard	Attenborough
239	Ian	Holm
243	Uma	Thurman
244	Michael	Madsen
246	Dan	Hedaya
247	Albert	Brooks
249	Annette	Bening
250	James	Caan
252	Lance	Henriksen
253	Orson	Welles
258	Brad	Pitt
259	Joe	Pesci
279	Steve	McQueen
282	Cameron	Diaz
295	Harry	Dean Stanton
298	Billy	Bob Thornton
301	Peter	Boyle
302	Benicio	Del Toro
304	Malcolm	McDowell
306	Martin	Sheen
307	Bonnie	Hunt
308	Gabriel	Byrne
312	John	Huston
318	Tom	Sizemore
324	Russell	Crowe
329	Ben	Kingsley
331	Laurence	Fishburne
333	Minnie	Driver
336	Jürgen	Prochnow
340	Shirley	MacLaine
342	Claire	Danes
345	Henry	Fonda
348	Giovanni	Ribisi
352	Christopher	Guest
354	Charles	Durning
355	Ving	Rhames
356	Tom	Skerritt
357	Bruno	Kirby
360	George	Lucas
368	Rosanna	Arquette
370	Laurence	Olivier
373	Lloyd	Bridges
393	Yun-Fat	Chow
404	Kirk	Douglas
417	David	Morse
427	Edward	Norton
429	Katharine	Hepburn
431	James	Cromwell
436	Carol	Kane
437	M.	Emmet Walsh
438	John	Hurt
439	Jeffrey	Jones
441	Chazz	Palminteri
442	Joaquin	Phoenix
443	Philip	Seymour Hoffman
444	Quentin	Tarantino
449	Vincent	D'Onofrio
453	Martin	Balsam
460	Giancarlo	Esposito
462	Carrie	Fisher
463	Sissy	Spacek
472	James	Coburn
474	Natalie	Wood
476	George	Kennedy
479	George	C. Scott
481	Oliver	Reed
482	R.	Lee Ermey
485	Edward	Burns
489	Don	Taylor
493	Michael	Biehn
494	Cloris	Leachman
495	Frances	McDormand
496	Catherine	Deneuve
502	Talia	Shire
503	John	Malkovich
507	Bob	Gunton
509	Simon	Callow
512	Matthew	Modine
515	Brion	James
518	Martin	Landau
519	Christopher	Plummer
520	Stephen	Tobolowsky
527	Denholm	Elliott
528	Kevin	Pollak
534	Lauren	Bacall
536	Robin	Wright
539	Elizabeth	Taylor
541	Lindsay	Crouse
546	James	Earl Jones
549	Gina	Gershon
550	Ben	Gazzara
552	Mark	Hamill
554	Hume	Cronyn
555	Teri	Garr
558	Shelley	Duvall
560	Philip	Baker Hall
578	Toni	Collette
587	Mike	Starr
591	Daryl	Hannah
594	Beverly	D'Angelo
625	Peter	Sallis
626	Gene	Kelly
629	George	Dzundza
634	Graham	Chapman
643	Veronica	Cartwright
680	Chris	Sarandon
682	Melinda	Dillon
684	Tim	Allen
687	John	Ritter
688	Takashi	Shimura
693	John	Milius
694	Terry	Jones
698	Keith	David
702	Eric	Stoltz
710	Chris	Penn
711	Murray	Hamilton
713	Brian	Cox
716	Helena	Bonham Carter
719	Warren	Oates
722	Ernest	Borgnine
725	Eileen	Brennan
728	Chris	Cooper
731	William	Daniels
735	Toshirô	Mifune
736	Embeth	Davidtz
743	Rip	Torn
745	Udo	Kier
747	Scott	Glenn
749	Eric	Idle
751	Rod	Steiger
752	Dennis	Farina
757	Ray	Walston
762	Debi	Mazar
763	Louise	Fletcher
770	Fairuza	Balk
775	Rade	Serbedzija
776	Ray	Liotta
780	Joseph	Cotten
791	Tim	Roth
792	Jean-Marc	Barr
799	Michael	Palin
802	James	Mason
805	Richard	Burton
811	Irène	Jacob
815	Luis	Buñuel
820	Roberto	Benigni
827	Ingrid	Bergman
828	Bette	Davis
831	Edward	Furlong
833	Colleen	Camp
837	John	Carradine
839	Bernard	Lee
845	Robert	Stack
849	Amanda	Plummer
862	Pete	Postlethwaite
881	Peter	Gallagher
887	Ed	O'Ross
891	Tom	Hulce
892	Teresa	Wright
893	James	Garner
899	Gunnar	Björnstrand
900	Strother	Martin
907	Joe	Grifasi
915	Marilyn	Monroe
925	Alec	Guinness
930	John	Savage
933	Karen	Allen
937	John	Cazale
938	Kim	Hunter
941	Robert	Mitchum
943	Anthony	Quinn
946	Gillian	Anderson
947	Elliott	Gould
963	Allen	Garfield
964	F.	Murray Abraham
969	Thora	Birch
981	Groucho	Marx
984	William	Sadler
986	Caroline	Goodall
1005	Edward	James Olmos
1024	Penélope	Cruz
1031	Grace	Kelly
1038	Paul	Sorvino
1045	Fred	MacMurray
1056	George	Sanders
1077	Thomas	Mitchell
1100	Rutger	Hauer
1108	Clark	Gable
1128	Claude	Rains
1145	Sean	Young
1148	Bibi	Andersson
1162	Don	Rickles
1165	Kelsey	Grammer
1176	Diane	Venora
1181	Annie	Potts
1183	Charles	Laughton
1184	Robert	Shaw
1187	Patricia	Clarkson
1195	Ted	Danson
1198	Frederic	Forrest
1202	Clancy	Brown
1207	Anna	Paquin
1215	Jason	Lee
1217	Everett	McGill
1221	Peter	Falk
1222	Wallace	Shawn
1230	E.G.	Marshall
1231	Ralph	Bellamy
1232	Kasi	Lemmons
1233	Cliff	De Young
1234	Michael	Gambon
1239	James	Hampton
1242	Jeffrey	DeMunn
1243	Stephen	Baldwin
1248	Connie	Nielsen
1249	Tony	Burton
1250	Vin	Diesel
1252	Piper	Laurie
1255	Graham	Greene
1257	George	Segal
1266	Yaphet	Kotto
1276	Ward	Bond
1286	Andre	Braugher
1290	Henry	Jones
1305	Tony	Roberts
1308	Michael	Jeter
1310	Bruce	McGill
1313	Peter	Stormare
1314	Patrick	McGoohan
1322	Leo	G. Carroll
1323	Cathy	Moriarty
1329	Paul	Bartel
1333	Kenneth	Mars
1336	Porter	Hall
1342	James	Cosmo
1344	Joanna	Cassidy
1346	Jack	MacGowran
1351	Lee	Van Cleef
1353	Jason	Robards
1370	Ed	Binns
1376	Billy	Crudup
1377	Wallace	Ford
1390	Claudia	Cardinale
1396	Tony	Darrow
1402	Mary	Kay Place
1406	Otto	Preminger
1414	Olivia	Williams
1419	Katharine	Ross
1420	Elizabeth	Wilson
1427	Keir	Dullea
1430	Marco	Leonardi
1437	Trevor	Howard
1438	Rosalind	Russell
1442	Karl	Malden
1443	Julie	Walters
1449	Jack	Hawkins
1450	James	Hong
1453	Sterling	Hayden
1458	Roy	Dotrice
1461	Danny	Kaye
1464	Myrna	Loy
1467	Charles	Bronson
1471	Sofia	Coppola
1472	Michelle	Yeoh
1476	Sihung	Lung
1488	Maureen	O'Hara
1491	Ruth	Warrick
1496	John	Williams
1509	Jean	Arthur
1524	Vivien	Leigh
1526	Warren	Clarke
1527	Farley	Granger
1536	Walter	Brennan
1543	William	Powell
1544	Akira	Terao
1545	Lee	J. Cobb
1546	Angela	Lansbury
1552	Richard	Farnsworth
1553	Glynis	Johns
1554	Kenneth	Tsang
1557	Peter	Graves
1565	Allison	Janney
1570	Frankie	Faison
1574	Derek	Jacobi
1576	Anthony	Heald
1579	Ronald	Lacey
1582	G.D.	Spradlin
1586	Jeff	Corey
1591	Sam	Rockwell
1615	Lorraine	Bracco
1619	Lena	Olin
1623	Albert	Hall
1640	Paul	Giamatti
1651	Judith	Anderson
1653	Barry	Pepper
1655	Anthony	Daniels
1660	James	Whitmore
1669	Elsa	Lanchester
1678	John	Rhys-Davies
1679	Edward	G. Robinson
1698	Tatsuya	Nakadai
1704	Darren	McGavin
1709	Cybill	Shepherd
1715	Michael	Clarke Duncan
1717	Janet	Leigh
1720	Michael	Bates
1725	Stacy	Keach
1726	Ben	Johnson
1727	Billy	Dee Williams
1736	Christine	Ebersole
1742	Harry	Morgan
1743	Pupella	Maggio
1748	Wayne	Knight
1750	Slim	Pickens
1762	Colm	Feore
1766	Lew	Ayres
1772	Anatoli	Solonitsyn
1774	Keenan	Wynn
1781	Joel	Grey
1784	Victor	Argo
1789	Mildred	Natwick
1792	Jack	Kehoe
1797	Stefan	Gierasch
1801	Jenette	Goldstein
1802	Zach	Grenier
1803	Zeljko	Ivanek
1808	Mark	Rolston
1813	Richard	Harris
1814	David	Proval
1817	Frank	Vincent
1824	William	Windom
1827	Laurie	Metcalf
1831	Adam	Baldwin
1835	Patrick	Magee
1845	Robert	Webber
1847	John	Hillerman
1860	Billy	Gilbert
1864	Mel	Smith
1868	Suzy	Amis
1881	Abe	Vigoda
1895	Ted	Levine
1901	Leslie	Carlson
1906	Cecil	B. DeMille
1909	Barry	Dennen
1913	Adam	Goldberg
1933	Paul	Reiser
1939	Sean	McGinley
1946	Minoru	Chiaki
1951	Jeremy	Davies
1953	Ethan	Suplee
1961	Nicoletta	Braschi
1966	Djimon	Hounsou
1976	Erland	Josephson
1977	Jean-Pierre	Léaud
1985	Jessie	Royce Landis
1989	Robert	J. Wilke
1996	Miki	Manojlovic
2000	Barry	Fitzgerald
2003	Anne	Baxter
2009	Errol	Flynn
2012	Henry	Travers
2030	Fernanda	Montenegro
2034	Henry	Bergman
2049	Arletty	
2070	Kamatari	Fujiwara
2076	Erich	von Stroheim
2078	Hermione	Baddeley
2081	Eli	Wallach
2083	Antonella	Attili
2085	Bajram	Severdzan
2100	Gene	Lockhart
2104	Gaspard	Manesse
2113	Alastair	Sim
2123	Lee	Remick
2141	Gladys	Cooper
2143	Élodie	Bouchez
2147	Gary	Cooper
2159	Grégoire	Colin
2171	Frank	Overton
2173	Harpo	Marx
2177	Kristina	Adolphson
2192	Basil	Rathbone
2198	Fred	Clark
2202	Gabriele	Ferzetti
2210	Gustav	Botz
2225	Haley	Joel Osment
2227	Fredric	March
2229	Alexandra	Dahlström
2238	Carole	Lombard
2246	Cecilia	Roth
2268	Jean	Gabin
2313	Claire	Trevor
2319	Cindy	Williams
2321	Joan	Fontaine
2329	Chico	Marx
2333	Jennifer	Lien
2381	Björk	
2393	Jack	Carson
2396	Jack	Kruschen
2412	Judy	Garland
2416	Dorian	Harewood
2446	James	Robinson
2465	James	Donald
2475	Debbie	Reynolds
2484	Boris	Karloff
2486	Olivia	de Havilland
2495	Sam	Bottoms
2505	Vincent	Gardenia
2534	Nikolai	Grinko
2538	Victor	Sjöström
2553	Robert	Strauss
2576	Paul	Freeman
2604	Marion	Mack
2624	Michael	Hordern
2635	Vera	Miles
2648	Michael	Constantine
2649	Tom	Helmore
2650	Tsutomu	Tatsumi
2662	Tony	Curtis
2672	Mieko	Harada
2723	Maureen	O'Sullivan
2724	Montgomery	Clift
2728	Tyrone	Power
2748	Robert	Morley
2773	Magali	Noël
2792	Peter	Lorre
2800	Yôji	Matsuda
2812	Luigi	Pistilli
2821	Pierre	Batcheff
2832	Raymond	Massey
2834	Shelley	Winters
2872	Walter	Gotell
2881	Kenny	Baker
2882	Jason	Flemyng
2883	Ian	Wolfe
2891	Richard	Bright
2894	Scatman	Crothers
2900	Amy	Wright
2905	Brock	Peters
2911	Jay	O. Sanders
2915	Philip	Stone
2920	Buck	Henry
2935	Ewen	Bremner
2936	Bo	Hopkins
2937	Alfred	Molina
2939	Leonard	Rossiter
2941	Catherine	Keener
2942	John	Finn
2945	Diane	Ladd
2950	Sheb	Wooley
2953	Mena	Suvari
2957	John	Fiedler
2973	Leopoldo	Trieste
2981	David	Andrews
2986	Clifton	James
2991	Siobhan	Fallon
2998	Philippe	Morier-Genoud
2999	Evelyn	Keyes
3003	Meat	Loaf
3004	Janet	Margolin
3005	Arthur	O'Connell
3006	John	Ratzenberger
3017	Harve	Presnell
3018	Peter	Greene
3020	Harold	Gould
3031	L.Q.	Jones
3039	Henry	Daniell
3046	Gary	Lewis
3059	Dylan	Bruno
3065	Alan	North
3070	Spencer	Treat Clark
3074	Lucas	Black
3101	Patric	Knowles
3107	Hugh	Marlowe
3110	Hugh	Griffith
3111	Paul	Henreid
3119	Jim	Varney
3120	Hoagy	Carmichael
3123	Ralph	Carlsson
3124	Charley	Grapewin
3126	Ralph	Meeker
3127	Howard	St. John
3132	Richard	Basehart
3137	Paulette	Goddard
3138	Stephen	Young
3141	Sig	Ruman
3149	Scott	Bakula
3153	Fernando	Fernán Gómez
3157	Stanislas	Carré de Malberg
3161	James	Gleason
3165	Theodore	Bikel
3173	Perry	Lopez
3175	Finlay	Currie
3178	Peter	Mayhew
3181	Nigel	Bruce
3190	Raymond	Burr
3198	Srdjan	Todorovic
3213	Hattie	McDaniel
3215	Carol	Cleveland
3228	Jean	Hagen
3233	Moroni	Olsen
3234	Peter	Cushing
3237	Randy	Brooks
3243	Dana	Elcar
3244	Peter	Bull
3247	Marlene	Dietrich
3253	David	Schofield
3260	Josephine	Hull
3261	Anthony	Higgins
3268	Ruth	White
3273	Sam	Jaffe
3280	Andy	Devine
3298	Arliss	Howard
3301	Barry	Nelson
3307	Tracy	Reed
3312	Michael	Angarano
3326	Donald	O'Connor
3330	Kate	Hudson
3344	Lee	Strasberg
3345	Louis	Calhern
3347	Rita	Moreno
3362	Maria	de Medeiros
3366	Margaret	Dumont
3368	Roscoe	Karns
3370	Dorothy	Malone
3372	Kirk	Baltz
3377	Dwight	Yoakam
3379	Joe	Turkel
3390	John	Qualen
3397	Rudy	Bond
3403	Lynne	Thigpen
3413	Michael	Higgins
3417	Edie	Adams
3419	Peter	Brocco
3422	Reg	E. Cathey
3425	Sophie	Marceau
3428	Tommy	Flanagan
3434	Eve	Arden
3438	Alida	Valli
3449	Paul	Calderon
3481	Dub	Taylor
3498	David	Hemmings
3500	Robert	Beatty
3501	Dimitra	Arliss
3507	Mandy	Patinkin
3511	Les	Tremayne
3514	Henry	Victor
3523	Jihmi	Kennedy
3527	Curt	Bois
3530	Estelle	Harris
3533	Horst	Buchholz
3552	George	Raft
3561	George	Macready
3564	Robert	Ryan
3575	Wilfrid	Hyde-White
3586	Lewis	Martin
3592	Daisuke	Katô
3619	Ray	Collins
3637	Larry	Brandenburg
3646	Leib	Lensky
3655	Ernest	Thesiger
3664	Chester	Conklin
3677	Don	Keefer
3681	Macdonald	Carey
3697	Sam	Robards
3705	Orson	Bean
3707	David	Prowse
3729	Cara	Seymour
3733	Sean	Sullivan
3737	Norman	Fell
3738	Victor	Jory
3739	John	Shrapnel
3740	Elisha	Cook Jr.
3750	Mischa	Barton
3756	Jens	Albinus
3761	Thelma	Ritter
3767	John	Ridgely
3774	Minna	Gombell
3792	Edward	Brophy
3794	James	Sloyan
3796	Michael	Berryman
3797	Marisa	Paredes
3809	Fortunio	Bonanova
3821	Richard	Davalos
3827	John	Clive
3838	Brent	Briscoe
3844	Tim	Holt
3846	Vinnie	Jones
3857	Conrad	Veidt
3858	Scott	Schwartz
3861	Daniel	Zacapa
3865	Connie	Booth
3871	Coleen	Gray
3883	Sandy	Dennis
3898	Samuel	Le Bihan
3902	Collin	Wilcox Paxton
3907	Colleen	Dewhurst
3910	Danny	Lloyd
3914	Colin	Clive
3916	Sandy	Nelson
3921	Danny	Lee
3952	Dana	Andrews
3956	Seiji	Miyaguchi
3966	Ruth	Hussey
3970	Ruth	Roman
3971	Sergio	Bini Bustric
3985	Sessue	Hayakawa
3987	Daisuke	Ryu
3988	Rosemary	Murphy
3991	Sean	Lawlor
4000	Seizaburô	Kawazu
4004	Daniel	Richter
4022	Salvador	Dalí
4023	Sally	Yeh
4052	Vinícius	de Oliveira
4060	Anne	Reid
4073	Antonia	San Juan
4082	Victor	McLaglen
4093	Virginia	Mayo
4124	Barton	MacLane
4133	Barbara	Stanwyck
4141	Bengt	Ekerot
4154	Armando	Brancia
4159	Arnold	Lucy
4169	Andrew	Kevin Walker
4171	Ayano	Shiraishi
4174	Barbara	Bel Geddes
4178	Valerie	Hobson
4182	Avery	Brooks
4188	Börje	Ahlstedt
4190	Yoshiko	Shinohara
4195	Yûko	Tanaka
4196	Alan	Hale
4199	Akim	Tamiroff
4201	Akihiro	Miwa
4202	Akemi	Yamaguchi
4207	Albert	Rémy
4209	William	Sylvester
4218	Wolfgang	Heinz
4233	Zeppo	Marx
4236	Zhang	Ziyi
4241	Yoshio	Inaba
4242	Agnes	Moorehead
4248	Yuriko	Ishida
4253	Adolphe	Menjou
4258	Aldo	Giuffrè
4259	Wayne	Morris
4260	Wendell	Corey
4274	Walter	Huston
4278	Walter	Catlett
4283	Allan	Jones
4293	William	Hope
4304	William	Redfield
4309	Aldo	Silvani
4323	Alexander	Granach
4324	Wes	Bentley
4335	Chen	Chang
4339	Charles	Smith
4340	Charles	Ruggles
4344	Stephen	Boyd
4352	Charles	Kay
4362	Cathy	O'Donnell
4389	Celeste	Holm
4392	Cecil	Parker
4396	Soia	Lira
4399	Claire	Maurier
4401	Clarence	Kolb
4403	Slim	Summerville
4408	Ciccio	Ingrassia
4415	Cliff	Edwards
4417	Simone	Mareuil
4428	Stefan	Hörberg
4450	Chu	Kong
4492	Branka	Katic
4503	Beulah	Bondi
4504	Tiny	Sandford
4510	Bert	Lahr
4526	Tom	Murray
4535	Candela	Peña
4552	Carrie	Henn
4594	Bruce	Bennett
4601	Jinpachi	Nezu
4608	Jo	Van Fleet
4619	Jo	Prestia
4628	Joan	Shawlee
4636	Joanne	Dru
4657	Mathias	Rust
4662	Jim	Farley
4684	John	Megna
4705	John	Terry
4716	John	Ireland
4736	Millard	Mitchell
4738	Mervyn	Johns
4741	Melville	Cooper
4743	John	Howard
4749	John	Gottowt
4755	John	Farley
4761	Jamie	Draven
4762	Jamie	Bell
4788	Jane	Darwell
4790	Nicholas	Colasanto
4805	Nikolai	Sergeyev
4815	Othon	Bastos
4817	Nils	Poppe
4822	Nobuo	Kaneko
4836	Myron	McCormick
4851	Jean-Pierre	Lorit
4865	Jeffrey	Hunter
4883	Natalie	Canerday
4884	Ned	Bellamy
4895	Nat	Pendleton
4898	Jean-Louis	Trintignant
4899	Jean-Louis	Barrault
4900	Nancy	Olson
4901	Nando	Orfei
4908	Natacha	Régnier
4909	Jean	Heywood
4910	Jean	Heather
4918	Kristin	Rudrüd
4919	Kristian	Almgren
4923	Machiko	Kyô
4924	Klaus	Wennemann
4927	Kitty	Carlisle
4946	Kyôko	Seki
4949	Kumeko	Urabe
4952	Mack	Swain
4957	Kevin	P. Farley
4966	Marília	Pêra
4971	John	Wray
4977	Madeleine	LeBeau
4981	Makoto	Kobori
4985	Madison	Lanc
4992	Kim	Novak
5002	Leopoldine	Konstantin
5003	Leslie	Howard
5006	Leonard	Harris
5010	Leo	Gullotta
5011	Ljubica	Adzovic
5017	Lionel	Atwill
5019	Lillian	Gish
5034	Louis	Wolheim
5064	Lou	Antonio
5068	Lawrence	T. Wrentz
5070	Lawrence	A. Bonney
5085	Martha	Vickers
5126	Masayuki	Mori
5132	Martin	Semmelrogge
5136	Joseph	Calleia
5138	Jonathan	Sagall
5139	Zooey	Deschanel
5160	Maria	Casarès
5163	Kathleen	Harrison
5173	Marcella	Rovere
5177	Katy	Jurado
5195	Jullan	Kindahl
5201	Julien	Carette
5214	Karl	Etlinger
5223	Kaoru	Kobayashi
5239	Francine	Racette
5242	Frédérique	Feder
5254	Frank	Morgan
5258	Florijan	Ajdini
5264	Francis	De Wolff
5272	Richmond	Arquette
5273	Evelyn	Varden
5279	Eva	Marie Saint
5281	Eugene	Pallette
5297	Felix	Bressart
5300	Richard	S. Castellano
5312	Raphael	Fejtö
5318	Ray	Bolger
5330	Georgia	Hale
5342	Georges	Flamant
5358	Richard	Allen
5359	Richard	Anderson
5364	Gary	Merrill
5365	Gary	Lockwood
5378	Reginald	Gardiner
5382	Dorris	Bowdon
5392	Douglas	Rain
5403	Edmond	O'Brien
5410	Dorothy	Comingore
5413	Ed	Begley
5416	Robert	Walker
5435	Dita	Parlo
5441	Donnie	Wahlberg
5448	Edward	Arnold
5462	Enzo	Cannavale
5489	Erica	Carlson
5490	Eric	Weinstein
5501	Eleanor	Coppola
5507	Eijirô	Tono
5511	Edward	Everett Horton
5527	Robert	Drivas
5529	Elizabeth	Berridge
5540	Harriet	Andersson
5545	Paul	Simon
5546	Herbert	Grönemeyer
5554	Hubertus	Bengsch
5556	Paul	Hörbiger
5570	Peter	Billingsley
5572	Pernilla	Allwin
5573	Pernilla	August
5574	Haya	Harareet
5577	Harvey	Lembeck
5586	Harry	Carey Jr.
5592	Rebecka	Liljeberg
5608	Patricia	Hitchcock
5610	Jack	Elam
5611	Jack	Creley
5614	Jack	Benny
5615	J.D.	Cannon
5618	Jack	Haley
5623	Ivan	Lapikov
5626	Patricia	Collinge
5632	Jackie	Gleason
5638	Jack	Oakie
5641	Pat	Henning
5643	Pat	O'Brien
5651	Ian	Petrella
5665	Ingrid	Thulin
5668	Patrick	Fugit
5669	Isa	Danieli
5670	Irma	Raush
5683	Patrick	Mercado
5684	Giulietta	Masina
5685	Giuliana	Lojodice
5692	Giustino	Durano
5700	Pierre	Brasseur
5705	Philip	Ober
5709	Guy	Decomble
5710	Pierre	Renoir
5714	Gloria	Swanson
5715	Glen	Cavender
5717	Guy	Kibbee
5718	Pierre	Fresnay
5727	Priscilla	Lane
5759	William	Hootkins
5770	Frank	Adonis
5776	Jack	Walsh
5777	Jude	Ciccolella
5778	Shane	Rimmer
5779	Norbert	Weisser
5788	Jack	Purvis
5791	James	Keane
5799	George	Furth
5800	Edward	Bunker
5811	Benito	Stefanelli
5813	Eddra	Gale
5829	Octavia	Spencer
5840	Una	O'Connor
5842	Godfrey	Quigley
5861	Darrell	Zwerling
5862	Henry	Brandon
5863	André	Morell
5866	Frank	Sivero
5883	Joyce	Jameson
5904	Paul	Fix
5924	H.B.	Warner
5934	Regis	Toomey
5936	Manning	Redwood
5944	Ken	Curtis

