id	titre	annee	score	nbvotant	idrealisateur
1	Star Wars	1977	8,8	53567	360
2	Shawshank Redemption, The	1994	9	44974	1040
3	Pulp Fiction	1994	8,6	43993	444
5	Star Wars: Episode V - The Empire Strikes Back	1980	8,6	39446	651
6	Usual Suspects, The	1995	8,7	35027	639
7	Schindler's List	1993	8,8	34251	18
8	Saving Private Ryan	1998	8,5	34113	18
9	Braveheart	1995	8,3	32870	22
10	American Beauty	1999	8,8	32547	2542
11	Raiders of the Lost Ark	1981	8,6	31750	18
12	Godfather, The	1972	9	31225	28
14	Blade Runner	1982	8,3	29877	110
15	Silence of the Lambs, The	1991	8,5	29582	281
18	Sixth Sense, The	1999	8,5	27626	966
21	Se7en	1995	8,1	25158	414
22	Fargo	1996	8,2	25044	111
23	2001: A Space Odyssey	1968	8,3	24536	82
24	Aliens	1986	8,2	23965	198
27	Casablanca	1942	8,8	23283	675
28	One Flew Over the Cuckoo's Nest	1975	8,7	22868	408
32	Gladiator	2000	8,3	21955	110
33	Fight Club	1999	8,5	21391	414
34	Clockwork Orange, A	1971	8,2	21216	82
35	Alien	1979	8,2	20998	110
36	Princess Bride, The	1987	8,2	20931	37
39	Reservoir Dogs	1992	8,2	20343	444
40	Citizen Kane	1941	8,8	20269	253
41	Dr. Strangelove or: How I Learned to Stop Worrying and Love the Bomb	1964	8,7	20034	82
43	Goodfellas	1990	8,5	19430	78
45	Apocalypse Now	1979	8,3	19335	28
49	Monty Python and the Holy Grail	1975	8,3	18640	59
54	Psycho	1960	8,6	17734	11
61	Godfather: Part II, The	1974	8,8	15487	28
63	Shining, The	1980	8,1	14653	82
64	Amadeus	1984	8,2	14351	408
65	Taxi Driver	1976	8,4	14090	78
69	Full Metal Jacket	1987	8,1	13863	82
70	Being John Malkovich	1999	8,3	13809	1485
72	Wizard of Oz, The	1939	8,3	13444	1151
73	Green Mile, The	1999	8,3	13409	1040
74	Vita è bella, La	1997	8,6	13403	820
82	American History X	1998	8,3	12977	2663
87	Rear Window	1954	8,7	12484	11
94	North by Northwest	1959	8,6	11588	11
97	Vertigo	1958	8,5	11231	11
105	Gone with the Wind	1939	8,1	10628	1151
116	Toy Story 2	1999	8,5	10020	2043
121	To Kill a Mockingbird	1962	8,5	9707	2586
123	Graduate, The	1967	8,1	9558	47
143	Sling Blade	1996	8,1	8740	298
149	Deer Hunter, The	1978	8,1	8393	2645
150	Boot, Das	1981	8,5	8392	140
154	Chinatown	1974	8,4	8280	90
159	12 Angry Men	1957	8,6	8158	80
161	Sting, The	1973	8,2	8108	276
162	Glory	1989	8,1	8079	382
163	Raging Bull	1980	8,4	8029	78
165	Wallace & Gromit: The Wrong Trousers	1993	8,5	8024	572
186	Insider, The	1999	8,2	7429	1106
189	Bridge on the River Kwai, The	1957	8,4	7395	1080
208	Annie Hall	1977	8,2	6989	1
211	Ben-Hur	1959	8,1	6927	620
221	Christmas Story, A	1983	8,1	6693	579
222	Singin' in the Rain	1952	8,5	6662	428
225	Butch Cassidy and the Sundance Kid	1969	8,1	6637	276
237	Some Like It Hot	1959	8,4	6445	79
241	Shichinin no samurai	1954	9	6357	208
249	Buono, il brutto, il cattivo, Il	1966	8,5	6161	268
271	Great Escape, The	1963	8,2	5783	2473
288	Third Man, The	1949	8,6	5576	1003
299	African Queen, The	1951	8,2	5468	312
303	Central do Brasil	1998	8,1	5429	2560
324	Nuovo cinema Paradiso	1988	8,2	5178	2142
331	Wo hu zang long	2000	9	5016	273
376	Patton	1970	8,1	4637	405
377	Cool Hand Luke	1967	8,1	4635	1029
383	Wallace & Gromit: A Close Shave	1995	8,2	4561	572
435	Trois couleurs: Rouge	1994	8,2	4113	398
442	Sunset Blvd.	1950	8,6	4050	79
453	Mr. Smith Goes to Washington	1939	8,4	3977	392
455	Arsenic and Old Lace	1944	8,1	3970	392
473	All About Eve	1950	8,6	3876	1111
476	High Noon	1952	8,2	3864	617
478	Philadelphia Story, The	1940	8,2	3856	628
483	Wild Bunch, The	1969	8,1	3814	1072
486	On the Waterfront	1954	8,3	3800	655
510	Ran	1985	8,5	3654	208
515	Almost Famous	2000	8,6	3639	391
518	Paths of Glory	1957	8,8	3620	82
522	Touch of Evil	1958	8,5	3607	253
541	Todo sobre mi madre	1999	8,3	3501	394
551	Rebecca	1940	8,2	3476	11
555	Duck Soup	1933	8,4	3447	992
565	Treasure of the Sierra Madre, The	1948	8,5	3392	312
570	Straight Story, The	1999	8,4	3353	139
580	C'era una volta il West	1969	8,5	3297	268
582	Double Indemnity	1944	8,5	3283	79
584	Big Sleep, The	1946	8,2	3274	197
589	Modern Times	1936	8,4	3249	145
644	Searchers, The	1956	8,3	3042	287
646	Notorious	1946	8,2	3030	11
660	Rashomon	1950	8,6	3004	208
664	Mononoke Hime	1997	8,5	2989	1051
667	Bringing Up Baby	1938	8,3	2983	197
683	Strangers on a Train	1951	8,3	2937	11
686	Die xue shuang xiong	1989	8,2	2935	204
689	Fucking Åmål	1998	8,2	2919	2803
694	Streetcar Named Desire, A	1951	8,2	2904	655
700	Conversation, The	1974	8,1	2876	28
707	Apartment, The	1960	8,3	2846	79
715	Great Dictator, The	1940	8,3	2819	145
734	Quiet Man, The	1952	8,1	2729	287
758	Dancer in the Dark	2000	8,3	2614	615
777	Sjunde inseglet, Det	1957	8,4	2559	420
778	Grapes of Wrath, The	1940	8,3	2552	287
785	Hustler, The	1961	8,2	2541	2605
827	Who's Afraid of Virginia Woolf?	1966	8,2	2395	47
848	City Lights	1931	8,6	2325	145
922	Gold Rush, The	1925	8,3	2113	145
924	Adventures of Robin Hood, The	1938	8,1	2111	675
950	Night of the Hunter, The	1955	8,4	2027	1183
952	His Girl Friday	1940	8,3	2023	197
958	Best Years of Our Lives, The	1946	8,5	2010	620
960	All Quiet on the Western Front	1930	8,4	2002	2138
962	Snatch	2000	8,1	1996	2205
966	Night at the Opera, A	1935	8,2	1983	2532
974	Yojimbo	1961	8,6	1961	208
976	Billy Elliot	2000	8,3	1960	2784
982	Stalag 17	1953	8,3	1941	79
983	Nosferatu, eine Symphonie des Grauens	1922	8,2	1941	2035
993	General, The	1927	8,7	1926	2343
1103	Stagecoach	1939	8,1	1689	287
1125	Bronenosets Potyomkin	1925	8,4	1634	2128
1130	Amarcord	1974	8,2	1624	399
1134	Quatre cents coups, Les	1959	8,6	1619	505
1145	Scrooge	1951	8,2	1591	2434
1181	Au revoir les enfants	1987	8,1	1503	619
1193	Strada, La	1954	8,3	1475	399
1200	Fanny och Alexander	1982	8,2	1467	420
1202	Requiem for a Dream	2000	8,7	1466	1136
1215	Thin Man, The	1934	8,1	1444	2564
1230	Da hong deng long gao gao gua	1991	8,3	1403	2830
1234	Grande illusion, La	1937	8,6	1393	2292
1247	Shadow of a Doubt	1943	8,3	1370	11
1248	Witness for the Prosecution	1957	8,3	1370	79
1299	SmultronstÃ¤llet	1957	8,5	1278	420
1350	Crna macka, beli macor	1998	8,1	1189	663
1379	Anatomy of a Murder	1959	8,2	1143	1406
1402	Enfants du paradis, Les	1945	8,4	1106	2573
1406	Aguirre, der Zorn Gottes	1972	8,1	1101	1886
1499	Vie rÃªvÃ©e des anges, La	1998	8,1	1017	2073
1522	Andrei Rublyov	1969	8,4	996	658
1568	Bride of Frankenstein	1935	8,1	945	1097
1723	Hotaru no haka	1988	8,5	822	2401
1741	Red River	1948	8,4	813	197
1749	Ikiru	1952	8,8	805	208
1768	To Be or Not to Be	1942	8,5	789	2014
1790	Court Jester, The	1956	8,2	777	2717
1800	Un chien andalou	1929	8,3	772	815
1801	Hearts of Darkness: A Filmmaker s Apocalypse	1991	8,2	772	2031
