id	prenom	nom
1	Woody	Allen
11	Alfred	Hitchcock
18	Steven	Spielberg
22	Mel	Gibson
28	Francis	Ford Coppola
37	Rob	Reiner
47	Mike	Nichols
59	Terry	Gilliam
78	Martin	Scorsese
79	Billy	Wilder
80	Sidney	Lumet
82	Stanley	Kubrick
90	Roman	Polanski
110	Ridley	Scott
111	Joel	Coen
139	David	Lynch
140	Wolfgang	Petersen
145	Charles	Chaplin
197	Howard	Hawks
198	James	Cameron
204	John	Woo
208	Akira	Kurosawa
253	Orson	Welles
268	Sergio	Leone
273	Ang	Lee
276	George	Roy Hill
281	Jonathan	Demme
287	John	Ford
298	Billy	Bob Thornton
312	John	Huston
360	George	Lucas
382	Edward	Zwick
391	Cameron	Crowe
392	Frank	Capra
394	Pedro	Almodóvar
398	Krzysztof	Kieslowski
399	Federico	Fellini
405	Franklin	J. Schaffner
408	Milos	Forman
414	David	Fincher
420	Ingmar	Bergman
428	Stanley	Donen
444	Quentin	Tarantino
505	François	Truffaut
572	Nick	Park
579	Bob	Clark
615	Lars	von Trier
617	Fred	Zinnemann
619	Louis	Malle
620	William	Wyler
628	George	Cukor
639	Bryan	Singer
651	Irvin	Kershner
655	Elia	Kazan
658	Andrei	Tarkovsky
663	Emir	Kusturica
675	Michael	Curtiz
815	Luis	Buñuel
820	Roberto	Benigni
966	M.	Night Shyamalan
992	Leo	McCarey
1003	Carol	Reed
1029	Stuart	Rosenberg
1040	Frank	Darabont
1051	Hayao	Miyazaki
1072	Sam	Peckinpah
1080	David	Lean
1097	James	Whale
1106	Michael	Mann
1111	Joseph	L. Mankiewicz
1136	Darren	Aronofsky
1151	Victor	Fleming
1183	Charles	Laughton
1406	Otto	Preminger
1485	Spike	Jonze
1886	Werner	Herzog
2014	Ernst	Lubitsch
2031	Fax	Bahr
2035	F.W.	Murnau
2043	Ash	Brannon
2073	Erick	Zonca
2128	Grigori	Aleksandrov
2138	Lewis	Milestone
2142	Giuseppe	Tornatore
2205	Guy	Ritchie
2292	Jean	Renoir
2343	Clyde	Bruckman
2401	Isao	Takahata
2434	Brian	Desmond Hurst
2473	John	Sturges
2532	Sam	Wood
2542	Sam	Mendes
2560	Walter	Salles
2564	W.S.	Van Dyke
2573	Marcel	Carné
2586	Robert	Mulligan
2605	Robert	Rossen
2645	Michael	Cimino
2663	Tony	Kaye
2717	Melvin	Frank
2784	Stephen	Daldry
2803	Lukas	Moodysson
2830	Yimou	Zhang

